{
  "last_runs": {
    "alerts": 1770849486.136977,
    "new_files": 1770849486.136977,
    "pipeline": 1770849486.136977,
    "cleanup": 1770680249.6423192,
    "stale_items": 1770846625.2166111,
    "pdf_index": 1770849478.6188312
  },
  "last_file_scan": 1770849486.1370811,
  "stale_check_offset": 22000
}