{
  "last_runs": {
    "alerts": 1770850030.3663082,
    "new_files": 1770850030.3663082,
    "pipeline": 1770850030.3663082,
    "cleanup": 1770680249.6423192,
    "stale_items": 1770846625.2166111,
    "pdf_index": 1770849778.8088331
  },
  "last_file_scan": 1770850030.366542,
  "stale_check_offset": 22000
}