{
  "last_runs": {
    "alerts": 1770908129.193286,
    "new_files": 1770908129.193286,
    "pipeline": 1770908129.193286,
    "cleanup": 1770680249.6423192,
    "stale_items": 1770906293.470706,
    "pdf_index": 1770907930.801101
  },
  "last_file_scan": 1770908129.193378,
  "stale_check_offset": 28500
}