{
  "last_runs": {
    "alerts": 1770853517.9595861,
    "new_files": 1770853517.9595861,
    "pipeline": 1770853517.9595861,
    "cleanup": 1770680249.6423192,
    "stale_items": 1770850226.025347,
    "pdf_index": 1770853391.2951522
  },
  "last_file_scan": 1770853517.9596539,
  "stale_check_offset": 22500
}