{
  "last_runs": {
    "alerts": 1770691929.12932,
    "new_files": 1770691902.0819159,
    "pipeline": 1770691902.0819159,
    "cleanup": 1770680249.6423192,
    "stale_items": 1770688802.803474,
    "pdf_index": 1770691821.499125
  },
  "last_file_scan": 1770691902.082148,
  "stale_check_offset": 1500
}