{
  "last_runs": {
    "alerts": 1770852913.104505,
    "new_files": 1770852913.104505,
    "pipeline": 1770852913.104505,
    "cleanup": 1770680249.6423192,
    "stale_items": 1770850226.025347,
    "pdf_index": 1770852790.207797
  },
  "last_file_scan": 1770852913.1047099,
  "stale_check_offset": 22500
}