Scénario,Momentum (%),P(Vert|2Verts),P(Rouge|2Rouges),Gain estimé
Neutre (50/50),1.959161060175348,52.3092316491085,51.60909047124219,3.918322120350696
Bull Trend,2.682116554830809,54.386316923161836,50.97791618649977,5.364233109661618
Bear Trend,3.6726140516298007,52.11232165128371,55.232906451975886,7.345228103259601
Sideways,1.6963430888260727,51.64480746189116,51.74787871576099,3.3926861776521453
Haute Volatilité,3.840220284551256,56.13162687769959,51.54881369140293,7.680440569102512
